--
-- Script was generated by Devart dbForge Studio 2019 for MySQL, Version 8.2.23.0
-- Product home page: http://www.devart.com/dbforge/mysql/studio
-- Script date 30/03/2021 11:21:22 CH
-- Server version: 5.5.5-10.4.17-MariaDB
-- Client version: 4.1
--


-- 
-- Set SQL mode
-- 
/*!40101 SET @OLD_SQL_MODE=@@SQL_MODE, SQL_MODE='NO_AUTO_VALUE_ON_ZERO' */;

-- 
-- Set character set the client will use to send SQL statements to the server
--
SET NAMES 'utf8';

--
-- Set default database
--
USE learning;

--
-- Drop table `employeebenefit`
--
DROP TABLE IF EXISTS employeebenefit;

--
-- Drop table `benefit`
--
DROP TABLE IF EXISTS benefit;

--
-- Drop table `employee`
--
DROP TABLE IF EXISTS employee;

--
-- Drop table `organization`
--
DROP TABLE IF EXISTS organization;

--
-- Set default database
--
USE learning;

--
-- Create table `organization`
--
CREATE TABLE organization (
  OrganizationID char(36) NOT NULL,
  OrganizationName varchar(255) DEFAULT NULL,
  PRIMARY KEY (OrganizationID)
)
ENGINE = INNODB,
AVG_ROW_LENGTH = 3276,
CHARACTER SET utf8mb4,
COLLATE utf8mb4_general_ci,
COMMENT = 'Đơn vị';

--
-- Create table `employee`
--
CREATE TABLE employee (
  EmployeeID char(36) NOT NULL,
  FullName varchar(100) DEFAULT NULL,
  OrganizationID char(36) DEFAULT NULL,
  PRIMARY KEY (EmployeeID)
)
ENGINE = INNODB,
AVG_ROW_LENGTH = 163,
CHARACTER SET utf8mb4,
COLLATE utf8mb4_general_ci,
COMMENT = 'Nhân viên';

--
-- Create foreign key
--
ALTER TABLE employee
ADD CONSTRAINT FK_employee_OrganizationID FOREIGN KEY (OrganizationID)
REFERENCES organization (OrganizationID) ON DELETE NO ACTION;

--
-- Create table `benefit`
--
CREATE TABLE benefit (
  BenefitID char(36) NOT NULL,
  BenefitName varchar(255) DEFAULT NULL,
  PRIMARY KEY (BenefitID)
)
ENGINE = INNODB,
AVG_ROW_LENGTH = 163,
CHARACTER SET utf8mb4,
COLLATE utf8mb4_general_ci,
COMMENT = 'Phụ cấp';

--
-- Create table `employeebenefit`
--
CREATE TABLE employeebenefit (
  EmployeeBenefitID char(36) NOT NULL,
  StartDate datetime DEFAULT NULL,
  EmployeeID char(36) DEFAULT NULL,
  BenefitID char(36) DEFAULT NULL,
  BenefitMoney decimal(20, 0) DEFAULT NULL,
  PRIMARY KEY (EmployeeBenefitID)
)
ENGINE = INNODB,
AVG_ROW_LENGTH = 163,
CHARACTER SET utf8mb4,
COLLATE utf8mb4_general_ci,
COMMENT = 'Quá trình phụ cấp';

--
-- Create foreign key
--
ALTER TABLE employeebenefit
ADD CONSTRAINT FK_employeebenefit_BenefitID FOREIGN KEY (BenefitID)
REFERENCES benefit (BenefitID) ON DELETE NO ACTION;

--
-- Create foreign key
--
ALTER TABLE employeebenefit
ADD CONSTRAINT FK_employeebenefit_EmployeeID FOREIGN KEY (EmployeeID)
REFERENCES employee (EmployeeID) ON DELETE NO ACTION;

-- 
-- Dumping data for table organization
--
INSERT INTO organization VALUES
('34bd2cef-5026-567c-3b71-153b37881afe', 'Sở tài chính Nam Định'),
('438598e2-2574-4fc8-2626-978952f080e4', 'Sở tài chính Vĩnh Phúc'),
('43a6bdf5-1b6b-451b-3695-2c566fa88632', 'Sở tài chính Hòa Bình'),
('64a59a25-2488-54b0-f6b4-c8af08a50cbf', 'Sở tài chính Phú Thọ'),
('674934cc-42cf-20cf-1d4a-aea48a10ed18', 'Sở tài chính Hà Nội');

-- 
-- Dumping data for table employee
--
INSERT INTO employee VALUES
('118f97f1-28a6-4c1b-f052-311a04b496f9', 'Juan Whitten', '438598e2-2574-4fc8-2626-978952f080e4'),
('13009936-3cb7-1bd0-f47e-9b9c7c262a46', 'Jason Blackmon', '674934cc-42cf-20cf-1d4a-aea48a10ed18'),
('13659f71-11a5-3c43-6651-12b245ff3d02', 'Adah Acker', '43a6bdf5-1b6b-451b-3695-2c566fa88632'),
('1381ce35-168f-779a-f67e-9b9c7c262a46', 'Forrest Babb', '43a6bdf5-1b6b-451b-3695-2c566fa88632'),
('13993edb-4ddb-5f26-d907-b3681f1cfddf', 'Peggy Charlton', '34bd2cef-5026-567c-3b71-153b37881afe'),
('13b68cb4-6d56-42d0-6851-12b245ff3d02', 'Darell Mireles', '674934cc-42cf-20cf-1d4a-aea48a10ed18'),
('13e171c4-6184-6f58-de07-b3681f1cfddf', 'Reina Ramirez', '438598e2-2574-4fc8-2626-978952f080e4'),
('1484cce4-7bcc-2399-721d-bb3758d4bac0', 'Darcel Broussard', '43a6bdf5-1b6b-451b-3695-2c566fa88632'),
('16c79afa-67f0-4c36-fe7e-9b9c7c262a46', 'Demarcus Aponte', '43a6bdf5-1b6b-451b-3695-2c566fa88632'),
('174b1507-7895-6462-0eca-194e61bec35f', 'Isreal Dougherty', '64a59a25-2488-54b0-f6b4-c8af08a50cbf'),
('1ae2a68d-28e7-464e-f87e-9b9c7c262a46', 'Abraham Berryman', '43a6bdf5-1b6b-451b-3695-2c566fa88632'),
('1b2d4059-4a4d-751f-7f9c-90632a97d71b', 'Marianne Terry', '34bd2cef-5026-567c-3b71-153b37881afe'),
('1cc8294c-1f70-68fa-731d-bb3758d4bac0', 'Brinda Lackey', '438598e2-2574-4fc8-2626-978952f080e4'),
('1df115e4-45e6-7397-5dd2-3c86733c21a7', 'Alex Willard', '34bd2cef-5026-567c-3b71-153b37881afe'),
('1eecdd59-14c4-253b-f77e-9b9c7c262a46', 'Grant Ackerman', '34bd2cef-5026-567c-3b71-153b37881afe'),
('1f2c8beb-2617-57fa-fc7e-9b9c7c262a46', 'Marjorie Ouellette', '34bd2cef-5026-567c-3b71-153b37881afe'),
('227d8b20-39d9-6c4e-1bca-194e61bec35f', 'Angle Lavigne', '34bd2cef-5026-567c-3b71-153b37881afe'),
('23477c28-264f-242a-4b23-b4512d979a92', 'Abel Woodward', '64a59a25-2488-54b0-f6b4-c8af08a50cbf'),
('23cda3a0-5b19-54fd-6751-12b245ff3d02', 'Glory Hammond', '43a6bdf5-1b6b-451b-3695-2c566fa88632'),
('247a53e7-47a6-51e4-6951-12b245ff3d02', 'Arlinda Acker', '438598e2-2574-4fc8-2626-978952f080e4'),
('24f10e01-16e1-5507-15ca-194e61bec35f', 'Justine Allred', '64a59a25-2488-54b0-f6b4-c8af08a50cbf'),
('25040392-1c19-35cc-df07-b3681f1cfddf', 'Julia Kopp', '438598e2-2574-4fc8-2626-978952f080e4'),
('25832852-6fb4-18de-0fca-194e61bec35f', 'Cierra Neville', '674934cc-42cf-20cf-1d4a-aea48a10ed18'),
('2650734e-21b4-4518-6551-12b245ff3d02', 'Claude Spellman', '64a59a25-2488-54b0-f6b4-c8af08a50cbf'),
('26ce992b-7054-77e9-36d8-35a048ff0079', 'Molly Bobo', '674934cc-42cf-20cf-1d4a-aea48a10ed18'),
('273a0398-53e3-3be1-13ca-194e61bec35f', 'Dimple Alba', '43a6bdf5-1b6b-451b-3695-2c566fa88632'),
('27ac3b67-45b2-4c89-5023-b4512d979a92', 'Maryellen Aleman', '674934cc-42cf-20cf-1d4a-aea48a10ed18'),
('2ad5bf0f-744c-6ef9-17ca-194e61bec35f', 'Yaeko Bledsoe', '64a59a25-2488-54b0-f6b4-c8af08a50cbf'),
('2c205f50-66d6-526d-007f-9b9c7c262a46', 'Allyson Cole', '34bd2cef-5026-567c-3b71-153b37881afe'),
('2fa3159e-27b0-1bea-5bd2-3c86733c21a7', 'Harriet Shelton', '34bd2cef-5026-567c-3b71-153b37881afe'),
('3042dc9a-3fac-6024-fa7e-9b9c7c262a46', 'Raphael Ahern', '64a59a25-2488-54b0-f6b4-c8af08a50cbf'),
('31e6cd03-32ac-2d98-6b51-12b245ff3d02', 'Niki Adamson', '34bd2cef-5026-567c-3b71-153b37881afe'),
('32a4ccba-185f-294c-017f-9b9c7c262a46', 'Torrie Aguilar', '674934cc-42cf-20cf-1d4a-aea48a10ed18'),
('335247c0-5fe2-71e9-f57e-9b9c7c262a46', 'Carroll Binder', '34bd2cef-5026-567c-3b71-153b37881afe'),
('3354475d-32e5-4f23-741d-bb3758d4bac0', 'Elvin Newton', '34bd2cef-5026-567c-3b71-153b37881afe'),
('33e31fd6-76a2-443e-39d8-35a048ff0079', 'Candelaria Padgett', '34bd2cef-5026-567c-3b71-153b37881afe'),
('33fb6c18-3fce-1d84-7e9c-90632a97d71b', 'Rubi Hobbs', '674934cc-42cf-20cf-1d4a-aea48a10ed18'),
('36c85a84-262d-7c74-701d-bb3758d4bac0', 'Selene Cartwright', '674934cc-42cf-20cf-1d4a-aea48a10ed18'),
('3704da33-560c-1d62-33d8-35a048ff0079', 'Arthur Beane', '34bd2cef-5026-567c-3b71-153b37881afe'),
('37d644e2-16ef-5af2-58d2-3c86733c21a7', 'Roland Rowan', '64a59a25-2488-54b0-f6b4-c8af08a50cbf'),
('385b6540-4d3d-4bd7-f352-311a04b496f9', 'Carolann Cosgrove', '34bd2cef-5026-567c-3b71-153b37881afe'),
('3891e103-2403-7508-6a51-12b245ff3d02', 'Jose Stafford', '64a59a25-2488-54b0-f6b4-c8af08a50cbf'),
('3935b678-50a9-3b25-57d2-3c86733c21a7', 'Maynard Brockman', '438598e2-2574-4fc8-2626-978952f080e4'),
('39f6c413-1ea8-3cca-38d8-35a048ff0079', 'Leonardo Lockhart', '64a59a25-2488-54b0-f6b4-c8af08a50cbf'),
('39f9f65e-6802-121a-19ca-194e61bec35f', 'Suzanna Sandlin', '64a59a25-2488-54b0-f6b4-c8af08a50cbf'),
('3abbb653-5399-1594-6451-12b245ff3d02', 'Adelaida Laporte', '674934cc-42cf-20cf-1d4a-aea48a10ed18'),
('3ad272c3-475a-5c9b-59d2-3c86733c21a7', 'Corinna Bratton', '43a6bdf5-1b6b-451b-3695-2c566fa88632'),
('41229e5a-1d5e-683f-fb7e-9b9c7c262a46', 'Heriberto Purdy', '34bd2cef-5026-567c-3b71-153b37881afe'),
('41643f64-6419-268e-819c-90632a97d71b', 'Martina Darden', '43a6bdf5-1b6b-451b-3695-2c566fa88632'),
('42a518ba-6c9d-6654-ee52-311a04b496f9', 'Hong Beaudoin', '64a59a25-2488-54b0-f6b4-c8af08a50cbf'),
('43515c7b-48d9-5dad-751d-bb3758d4bac0', 'Merlin Talbott', '34bd2cef-5026-567c-3b71-153b37881afe'),
('43c66db3-6101-1933-5cd2-3c86733c21a7', 'Abdul Tibbetts', '674934cc-42cf-20cf-1d4a-aea48a10ed18'),
('4445e2b8-1302-12bb-34d8-35a048ff0079', 'Zula Apodaca', '34bd2cef-5026-567c-3b71-153b37881afe'),
('451b6ae6-4e28-422f-3ad8-35a048ff0079', 'Luke Emanuel', '64a59a25-2488-54b0-f6b4-c8af08a50cbf'),
('45b5cd23-1886-37e7-761d-bb3758d4bac0', 'Jonas Runyon', '64a59a25-2488-54b0-f6b4-c8af08a50cbf'),
('462d8093-6e2e-58ec-4e23-b4512d979a92', 'Ahmed Burkett', '43a6bdf5-1b6b-451b-3695-2c566fa88632'),
('46bef884-23ea-6d46-1aca-194e61bec35f', 'Jim Hutto', '674934cc-42cf-20cf-1d4a-aea48a10ed18'),
('48a5911d-61b9-3e43-4d23-b4512d979a92', 'Dong Alarcon', '43a6bdf5-1b6b-451b-3695-2c566fa88632'),
('4c6f20c9-5fc4-6c72-849c-90632a97d71b', 'Clark Alvarez', '64a59a25-2488-54b0-f6b4-c8af08a50cbf'),
('4c7d90d4-74e6-3289-dd07-b3681f1cfddf', 'Detra Fraley', '674934cc-42cf-20cf-1d4a-aea48a10ed18'),
('4d7ce77c-5dcd-47c6-16ca-194e61bec35f', 'Elmer Serrano', '34bd2cef-5026-567c-3b71-153b37881afe'),
('4d9c0dc3-5955-719d-0dca-194e61bec35f', 'Tiny Card', '43a6bdf5-1b6b-451b-3695-2c566fa88632'),
('4f6dba62-1d39-48a1-839c-90632a97d71b', 'Santo Luttrell', '674934cc-42cf-20cf-1d4a-aea48a10ed18'),
('4f90b030-4eb9-532c-5123-b4512d979a92', 'Jeramy Andrus', '64a59a25-2488-54b0-f6b4-c8af08a50cbf'),
('5028c96d-39f8-6b43-ff7e-9b9c7c262a46', 'Everett Howard', '34bd2cef-5026-567c-3b71-153b37881afe'),
('528f1e3c-5128-7a54-db07-b3681f1cfddf', 'Lianne Aquino', '34bd2cef-5026-567c-3b71-153b37881afe'),
('52c27f69-6908-3aae-f97e-9b9c7c262a46', 'Sanford Dyson', '674934cc-42cf-20cf-1d4a-aea48a10ed18'),
('54dc5b0e-49da-30b1-5323-b4512d979a92', 'Dalia Loy', '674934cc-42cf-20cf-1d4a-aea48a10ed18'),
('54deb928-2035-51e9-11ca-194e61bec35f', 'Abe Addison', '64a59a25-2488-54b0-f6b4-c8af08a50cbf'),
('5564c4e9-1c25-79e8-5223-b4512d979a92', 'Carlton Baptiste', '674934cc-42cf-20cf-1d4a-aea48a10ed18'),
('55707f35-5392-7e38-5423-b4512d979a92', 'Johnny Brubaker', '43a6bdf5-1b6b-451b-3695-2c566fa88632'),
('58fd9d1c-1c23-5387-3bd8-35a048ff0079', 'Abel Abreu', '674934cc-42cf-20cf-1d4a-aea48a10ed18'),
('59ba1b9e-317d-790a-f252-311a04b496f9', 'Laurence Deloach', '674934cc-42cf-20cf-1d4a-aea48a10ed18'),
('5c60bd93-772a-77d3-12ca-194e61bec35f', 'Marylin Bankston', '438598e2-2574-4fc8-2626-978952f080e4'),
('60fb2166-655f-6fa9-4c23-b4512d979a92', 'Alease Montoya', '64a59a25-2488-54b0-f6b4-c8af08a50cbf'),
('60fb974f-160b-23e4-809c-90632a97d71b', 'Ariane Omalley', '674934cc-42cf-20cf-1d4a-aea48a10ed18'),
('61e45a37-32b4-236c-10ca-194e61bec35f', 'Darrin Downey', '43a6bdf5-1b6b-451b-3695-2c566fa88632'),
('6210da0c-49de-4f8f-f452-311a04b496f9', 'Adah Bundy', '438598e2-2574-4fc8-2626-978952f080e4'),
('62791223-3067-7e01-7c9c-90632a97d71b', 'Fabian Dalton', '34bd2cef-5026-567c-3b71-153b37881afe'),
('627c4ec2-4cb4-32a9-37d8-35a048ff0079', 'Luke Giron', '674934cc-42cf-20cf-1d4a-aea48a10ed18'),
('633480c7-4698-4048-f152-311a04b496f9', 'Scott Rich', '34bd2cef-5026-567c-3b71-153b37881afe'),
('64bd38b8-7a09-6af2-ef52-311a04b496f9', 'Augustine Corbin', '64a59a25-2488-54b0-f6b4-c8af08a50cbf'),
('65299f89-37c7-64c4-829c-90632a97d71b', 'Adam Dove', '43a6bdf5-1b6b-451b-3695-2c566fa88632'),
('692d207a-12fe-54e6-6351-12b245ff3d02', 'Abraham Acevedo', '674934cc-42cf-20cf-1d4a-aea48a10ed18'),
('692ef893-245c-5ee8-18ca-194e61bec35f', 'Brendan Boatwright', '674934cc-42cf-20cf-1d4a-aea48a10ed18'),
('6a5e9417-74a0-4f25-5ad2-3c86733c21a7', 'Bianca Emery', '64a59a25-2488-54b0-f6b4-c8af08a50cbf'),
('6c233fc4-3a53-170d-35d8-35a048ff0079', 'Pedro Harley', '438598e2-2574-4fc8-2626-978952f080e4'),
('6efa111e-1f9a-3c44-dc07-b3681f1cfddf', 'Sherwood Moody', '64a59a25-2488-54b0-f6b4-c8af08a50cbf'),
('6f91bf5c-6c92-7d89-711d-bb3758d4bac0', 'Alene Ambrose', '64a59a25-2488-54b0-f6b4-c8af08a50cbf'),
('6fc189b6-5466-39fd-7d9c-90632a97d71b', 'Eldon Christenson', '34bd2cef-5026-567c-3b71-153b37881afe'),
('711cbc05-74c7-1801-fd7e-9b9c7c262a46', 'Bradford Finch', '34bd2cef-5026-567c-3b71-153b37881afe'),
('715ee91c-59c3-5e9a-4f23-b4512d979a92', 'Audrea Cameron', '438598e2-2574-4fc8-2626-978952f080e4'),
('720a99ef-3b6b-1ee5-da07-b3681f1cfddf', 'Xiao Hauser', '674934cc-42cf-20cf-1d4a-aea48a10ed18'),
('735d3ea2-7191-4e06-32d8-35a048ff0079', 'Deandre Ortiz', '438598e2-2574-4fc8-2626-978952f080e4'),
('7412ad74-4b1c-6004-f552-311a04b496f9', 'Patsy Blaine', '43a6bdf5-1b6b-451b-3695-2c566fa88632'),
('74f735ee-1f09-76a0-027f-9b9c7c262a46', 'Nathalie Hollins', '34bd2cef-5026-567c-3b71-153b37881afe'),
('75303422-67ef-36a4-5ed2-3c86733c21a7', 'Joel Wilkes', '64a59a25-2488-54b0-f6b4-c8af08a50cbf'),
('77b3727c-71c0-3b4d-0cca-194e61bec35f', 'Retta Lord', '34bd2cef-5026-567c-3b71-153b37881afe'),
('77c7d624-6477-5f23-6f1d-bb3758d4bac0', 'Treena Lind', '64a59a25-2488-54b0-f6b4-c8af08a50cbf'),
('7974334f-4281-7b04-14ca-194e61bec35f', 'Erin Sheridan', '43a6bdf5-1b6b-451b-3695-2c566fa88632');

-- 
-- Dumping data for table benefit
--
INSERT INTO benefit VALUES
('11452b0c-768e-5ff7-0d63-eeb1d8ed8cef', 'Adolph Francisco'),
('1152da18-24d8-65b6-0380-e8e2a817c80e', 'Sonia Ackerman'),
('11f7089b-33e6-371a-f817-7000f455f3d5', 'Kasey Furr'),
('13fc3540-52b5-3489-1163-eeb1d8ed8cef', 'Armando Alvarez'),
('142cb08f-7c31-21fa-8e90-67245e8b283e', 'Letha Bolt'),
('14c0ce35-1687-459c-1acb-66948daf6128', 'Cordelia Key'),
('17120d02-6ab5-3e43-18cb-66948daf6128', 'Miyoko Mckinney'),
('179d5bc0-2405-67f7-9590-67245e8b283e', 'Myrtis Thornhill'),
('1b336f56-7ee3-7ceb-1ccb-66948daf6128', 'Calvin Abrams'),
('1c2187a3-6d94-2ded-21cb-66948daf6128', 'Abbie Gurley'),
('1ded3dd7-32db-5bc9-9190-67245e8b283e', 'Gayle Baugh'),
('1e5a953f-1c88-5769-addb-e5d54223c257', 'Derrick Ruiz'),
('1f22399e-14b4-5c2b-8132-6a1673ffca7c', 'Marc Pickering'),
('1f74cd3f-6de4-5324-0180-e8e2a817c80e', 'Adah Jameson'),
('1f8d7e46-1d1e-335f-79dd-867949feb8b5', 'Shonda Leake'),
('205a3e0a-13fe-3557-8232-6a1673ffca7c', 'Malcolm Coward'),
('20d0b9f3-3e65-1639-9d7d-e8c757976496', 'Abram Fenton'),
('22032557-51a3-4005-1263-eeb1d8ed8cef', 'Abram Swank'),
('24629593-3d34-32fd-997d-e8c757976496', 'Melia Gates'),
('247986de-4165-651a-9490-67245e8b283e', 'Alphonso Meeks'),
('257ea484-501b-1644-7cdd-867949feb8b5', 'Rivka Caron'),
('25efaa0a-2220-4655-20cb-66948daf6128', 'Sanjuanita Conners'),
('284ccb05-337b-7e6f-9090-67245e8b283e', 'Adam Maddox'),
('2b850d3d-6722-3f01-1bcb-66948daf6128', 'Lizzie Krueger'),
('2bbbd485-6df2-536a-7e32-6a1673ffca7c', 'Stanford Sullivan'),
('2bf413d3-7a2c-217a-78dd-867949feb8b5', 'Oliva Coble'),
('2dcedb9c-6c32-7d27-977d-e8c757976496', 'Ariel Hermann'),
('2de001fe-529b-33ad-0280-e8e2a817c80e', 'Newton Graves'),
('2fb0b105-7808-503a-76dd-867949feb8b5', 'Josephine Norwood'),
('2ff059da-69a9-17a4-fc17-7000f455f3d5', 'Alan Judd'),
('30c8ee28-58a3-22f2-5e92-08c864661f9c', 'Alida Jobe'),
('34cde64f-62e4-186c-77dd-867949feb8b5', 'Reba Gregg'),
('3590dd80-43d2-1325-8732-6a1673ffca7c', 'Hosea Spears'),
('3599ef50-13ed-5404-0e63-eeb1d8ed8cef', 'Elli Robertson'),
('38b1d642-47b7-7c97-6692-08c864661f9c', 'Ora Dorris'),
('3ab17eb8-4928-4275-8332-6a1673ffca7c', 'Burt Hughes'),
('3abc4ce5-462f-5db9-9e7d-e8c757976496', 'Benito Agee'),
('3ef08d53-5bf3-1e97-9790-67245e8b283e', 'Halley Bostic'),
('3f66f2d6-688b-4161-5f92-08c864661f9c', 'Jarod Bourgeois'),
('40036f5e-657f-2c3d-9f7d-e8c757976496', 'Freeman Blevins'),
('404fe340-1fd3-414b-aadb-e5d54223c257', 'Delcie Abney'),
('4188bc78-6e7e-2c0a-7fdd-867949feb8b5', 'Bradford Broderick'),
('4296b118-76aa-3241-7edd-867949feb8b5', 'Abdul Freed'),
('438fec4c-2dad-30d7-a07d-e8c757976496', 'Kizzy Hightower'),
('439cdac8-4380-1e2d-0f63-eeb1d8ed8cef', 'Alejandro Espinal'),
('4448a185-202a-56da-8632-6a1673ffca7c', 'Debbra Packer'),
('4577565a-7e3e-493a-74dd-867949feb8b5', 'Felix Alba'),
('469b3ece-744a-45d5-957d-e8c757976496', 'Vanita Kelleher'),
('46f514e3-3598-177c-6192-08c864661f9c', 'Hubert Waldrop'),
('47405a55-5845-562c-7ddd-867949feb8b5', 'Selina Pfeiffer'),
('4760d71f-6e2f-5b32-19cb-66948daf6128', 'Nathan Salisbury'),
('47f60f67-6087-2a86-abdb-e5d54223c257', 'Corey Musgrove'),
('4c2386b1-57fb-15fa-1063-eeb1d8ed8cef', 'Mervin Lyon'),
('4d79d901-1edc-5c5b-0780-e8e2a817c80e', 'Graham Alger'),
('4d7b21db-2e02-12b7-a9db-e5d54223c257', 'Winnifred Brantley'),
('4e272fc4-7875-78d6-7d32-6a1673ffca7c', 'Marcos Abraham'),
('4eceddac-7dc2-38ea-7bdd-867949feb8b5', 'Carlton Beaudoin'),
('52f7159d-5242-1af8-9c7d-e8c757976496', 'Adan Pulido'),
('53f6b59c-6af6-4204-6292-08c864661f9c', 'Alice Gonzales'),
('5608f456-3b97-2e05-5d92-08c864661f9c', 'Jerome Gipson'),
('5660d465-6020-48f3-75dd-867949feb8b5', 'Laura Barger'),
('56957607-562f-5d6d-1ecb-66948daf6128', 'Machelle Andersen'),
('59d19422-6657-452e-a7db-e5d54223c257', 'Denisha Mcginnis'),
('5ae2d70b-201d-3e23-7f32-6a1673ffca7c', 'Gertie Abel'),
('5b2fcdf5-2050-7cb2-8f90-67245e8b283e', 'Burton Bunnell'),
('5badffd8-18c8-3f76-6492-08c864661f9c', 'Lesia Hatch'),
('5c63ba8f-59bb-6d2f-9990-67245e8b283e', 'Janis Gonsalves'),
('5fbbda7e-7566-416f-9b7d-e8c757976496', 'Calvin Looney'),
('60084fec-3509-2779-8432-6a1673ffca7c', 'Jeanna Maxwell'),
('6081dc00-4df0-5184-9690-67245e8b283e', 'Alexa Saucedo'),
('61a45b9e-55c1-3dbb-f917-7000f455f3d5', 'Celestine Hong'),
('6429b0f4-1391-7f32-9390-67245e8b283e', 'Bud Grubbs'),
('645f2e5c-7670-66a0-6092-08c864661f9c', 'Carley Valdez'),
('6764ab86-6fcc-2757-8032-6a1673ffca7c', 'Lilla Perez'),
('67b5c284-1c59-4a0a-0580-e8e2a817c80e', 'Bryce Estrada'),
('68478414-705a-2626-5c92-08c864661f9c', 'Adam Geer'),
('6916f8cf-1279-16d8-9290-67245e8b283e', 'Curtis Hutson'),
('698623e9-1def-6cb3-fa17-7000f455f3d5', 'Hobert Adam'),
('69cdb3c5-55bc-2a7a-9a7d-e8c757976496', 'Bertram Herzog'),
('6a4d99cd-242a-6200-7add-867949feb8b5', 'Aimee Stamm'),
('6c97b353-5d7d-4095-1dcb-66948daf6128', 'Ronnie Roby'),
('6f2475a8-1ff5-13e7-0680-e8e2a817c80e', 'Bradford Alfaro'),
('70253ec7-2e38-67a9-b1db-e5d54223c257', 'Elaina Gruber'),
('7050d79b-6948-3c66-1fcb-66948daf6128', 'Drew Burt'),
('70af83de-413e-63ef-6592-08c864661f9c', 'Tanner Van'),
('72ce912f-6015-2e14-fb17-7000f455f3d5', 'Darrick Olmstead'),
('7325f44f-127c-240c-afdb-e5d54223c257', 'Milton Gay'),
('74017ba6-559b-3426-8532-6a1673ffca7c', 'Glynis Redman'),
('7623d42f-35f4-1ce5-987d-e8c757976496', 'Myles Angel'),
('767111e6-3dbc-615a-0880-e8e2a817c80e', 'Abel Paulson'),
('7686595d-16d5-33b3-0080-e8e2a817c80e', 'Eusebia Noland'),
('768f8e64-7d10-20c9-967d-e8c757976496', 'Oma Lawler'),
('771e3dd1-42bb-2339-acdb-e5d54223c257', 'Tamica Goins'),
('791b9e6b-6010-1e33-b0db-e5d54223c257', 'Sonya Tinsley'),
('79fa8253-391f-4864-b2db-e5d54223c257', 'Johnathan Magana'),
('7abe18db-2b8a-5fcb-aedb-e5d54223c257', 'Deedee Strange'),
('7bec5682-21c4-666f-a8db-e5d54223c257', 'Freeman Selby'),
('7e4a64ed-3925-5bb5-6392-08c864661f9c', 'Logan Flannery'),
('7e8f50b2-5100-74d8-0480-e8e2a817c80e', 'Abel Christian'),
('7f4552ee-20f2-2f82-9890-67245e8b283e', 'Owen Alston');

-- 
-- Dumping data for table employeebenefit
--
INSERT INTO employeebenefit VALUES
('11a8748f-3464-740c-28c2-579daad24557', '2019-09-21 07:00:00', '75303422-67ef-36a4-5ed2-3c86733c21a7', '34cde64f-62e4-186c-77dd-867949feb8b5', 234346888),
('12693b29-274c-35ce-d11d-086412a8ea97', '2020-07-28 07:00:00', '4d9c0dc3-5955-719d-0dca-194e61bec35f', '69cdb3c5-55bc-2a7a-9a7d-e8c757976496', 920029645),
('12e1b096-3542-127a-1077-d9ebc53aac3d', '2020-08-06 07:00:00', '77b3727c-71c0-3b4d-0cca-194e61bec35f', '2bbbd485-6df2-536a-7e32-6a1673ffca7c', 282817710),
('13ede5b6-19dd-563e-1980-de64d090a2c2', '2020-01-25 07:00:00', '633480c7-4698-4048-f152-311a04b496f9', '7325f44f-127c-240c-afdb-e5d54223c257', 781800513),
('14aa1334-3d35-32c4-30c2-579daad24557', '2020-06-19 07:00:00', '1ae2a68d-28e7-464e-f87e-9b9c7c262a46', '7686595d-16d5-33b3-0080-e8e2a817c80e', 345507428),
('17872e95-3d24-6d1a-32c2-579daad24557', '2020-12-01 07:00:00', '633480c7-4698-4048-f152-311a04b496f9', '24629593-3d34-32fd-997d-e8c757976496', 657021712),
('18baaac1-2b18-2317-b9d2-89b22d10517e', '2020-07-23 07:00:00', '31e6cd03-32ac-2d98-6b51-12b245ff3d02', '25efaa0a-2220-4655-20cb-66948daf6128', 301825340),
('18bbd5d8-6c2d-154c-bad2-89b22d10517e', '2020-04-28 07:00:00', '3ad272c3-475a-5c9b-59d2-3c86733c21a7', '284ccb05-337b-7e6f-9090-67245e8b283e', 235518253),
('18d2ec1b-61c5-1896-2ec2-579daad24557', '2019-10-30 07:00:00', '7412ad74-4b1c-6004-f552-311a04b496f9', '17120d02-6ab5-3e43-18cb-66948daf6128', 360017484),
('1906737f-3aed-5704-1777-d9ebc53aac3d', '2020-09-02 07:00:00', '33e31fd6-76a2-443e-39d8-35a048ff0079', '7e4a64ed-3925-5bb5-6392-08c864661f9c', 537883682),
('19256041-7623-2834-6df6-423b4e874d0f', '2019-01-09 07:00:00', '59ba1b9e-317d-790a-f252-311a04b496f9', '17120d02-6ab5-3e43-18cb-66948daf6128', 432712380),
('197fda97-5a35-781d-0e77-d9ebc53aac3d', '2019-11-25 07:00:00', '64bd38b8-7a09-6af2-ef52-311a04b496f9', '767111e6-3dbc-615a-0880-e8e2a817c80e', 447854692),
('1d05a704-5376-15ba-1477-d9ebc53aac3d', '2021-02-02 07:00:00', '3891e103-2403-7508-6a51-12b245ff3d02', '4760d71f-6e2f-5b32-19cb-66948daf6128', 642934996),
('1e5ce342-2eec-79a4-5380-7ed9d1ea06ea', '2019-08-01 07:00:00', '27ac3b67-45b2-4c89-5023-b4512d979a92', '6a4d99cd-242a-6200-7add-867949feb8b5', 934867263),
('1e5e96fa-5d7a-599d-27c2-579daad24557', '2019-01-03 07:00:00', '174b1507-7895-6462-0eca-194e61bec35f', '7325f44f-127c-240c-afdb-e5d54223c257', 373412851),
('1f85f165-3ed3-370a-b7d2-89b22d10517e', '2019-04-05 07:00:00', '1cc8294c-1f70-68fa-731d-bb3758d4bac0', '40036f5e-657f-2c3d-9f7d-e8c757976496', 791598203),
('1fecd07f-2488-638c-8141-c1ec321fe728', '2021-01-28 07:00:00', '43515c7b-48d9-5dad-751d-bb3758d4bac0', '1f8d7e46-1d1e-335f-79dd-867949feb8b5', 826921594),
('2107e2a5-49f8-237b-5780-7ed9d1ea06ea', '2020-05-25 07:00:00', '451b6ae6-4e28-422f-3ad8-35a048ff0079', '5badffd8-18c8-3f76-6492-08c864661f9c', 705833423),
('212a5f62-4eb8-203c-4035-0028ed526dd0', '2019-07-01 07:00:00', '735d3ea2-7191-4e06-32d8-35a048ff0079', '205a3e0a-13fe-3557-8232-6a1673ffca7c', 116051520),
('21ae5078-5e68-3790-6af6-423b4e874d0f', '2019-01-02 07:00:00', '227d8b20-39d9-6c4e-1bca-194e61bec35f', '7e8f50b2-5100-74d8-0480-e8e2a817c80e', 542812823),
('2356a2d8-7751-6f97-66f6-423b4e874d0f', '2019-12-11 07:00:00', '2c205f50-66d6-526d-007f-9b9c7c262a46', '30c8ee28-58a3-22f2-5e92-08c864661f9c', 356606413),
('27e60da2-385e-6804-8441-c1ec321fe728', '2019-04-01 07:00:00', '52c27f69-6908-3aae-f97e-9b9c7c262a46', '7e8f50b2-5100-74d8-0480-e8e2a817c80e', 994008023),
('28a16581-1fd1-546b-1677-d9ebc53aac3d', '2020-05-08 07:00:00', '54deb928-2035-51e9-11ca-194e61bec35f', '5608f456-3b97-2e05-5d92-08c864661f9c', 360402170),
('28cd1599-63bf-785f-4f80-7ed9d1ea06ea', '2020-04-21 07:00:00', '3354475d-32e5-4f23-741d-bb3758d4bac0', '24629593-3d34-32fd-997d-e8c757976496', 933549286),
('2afb2146-430d-394b-3d35-0028ed526dd0', '2019-12-04 07:00:00', '2c205f50-66d6-526d-007f-9b9c7c262a46', '257ea484-501b-1644-7cdd-867949feb8b5', 756565962),
('2efc0ff3-37c0-286f-bbd2-89b22d10517e', '2020-05-28 07:00:00', '247a53e7-47a6-51e4-6951-12b245ff3d02', '4188bc78-6e7e-2c0a-7fdd-867949feb8b5', 599355786),
('2f43fc9d-1f7a-25fc-5280-7ed9d1ea06ea', '2019-06-09 07:00:00', '25040392-1c19-35cc-df07-b3681f1cfddf', '4e272fc4-7875-78d6-7d32-6a1673ffca7c', 510658233),
('2f4cc91d-6f13-4b4c-1c80-de64d090a2c2', '2019-01-02 07:00:00', '41643f64-6419-268e-819c-90632a97d71b', '70af83de-413e-63ef-6592-08c864661f9c', 289996186),
('322105dd-142f-392d-2fc2-579daad24557', '2020-08-03 07:00:00', '227d8b20-39d9-6c4e-1bca-194e61bec35f', '47f60f67-6087-2a86-abdb-e5d54223c257', 120437664),
('324ac33a-77c5-13a5-0535-60b3ebf808a9', '2019-10-18 07:00:00', '2c205f50-66d6-526d-007f-9b9c7c262a46', '22032557-51a3-4005-1263-eeb1d8ed8cef', 5062000),
('3304dddb-1b72-607f-25c2-579daad24557', '2019-08-20 07:00:00', '4d7ce77c-5dcd-47c6-16ca-194e61bec35f', '179d5bc0-2405-67f7-9590-67245e8b283e', 576987581),
('337faf61-662b-461a-69f6-423b4e874d0f', '2020-04-18 07:00:00', '4c7d90d4-74e6-3289-dd07-b3681f1cfddf', '6f2475a8-1ff5-13e7-0680-e8e2a817c80e', 819581446),
('350cf027-3245-532d-bcd2-89b22d10517e', '2019-06-06 07:00:00', '41643f64-6419-268e-819c-90632a97d71b', '2de001fe-529b-33ad-0280-e8e2a817c80e', 360412550),
('35c3a053-254d-33f3-1b80-de64d090a2c2', '2019-01-11 07:00:00', '385b6540-4d3d-4bd7-f352-311a04b496f9', '7e4a64ed-3925-5bb5-6392-08c864661f9c', 2000362),
('360bd1e4-7bbf-3971-d41d-086412a8ea97', '2020-12-19 07:00:00', '62791223-3067-7e01-7c9c-90632a97d71b', '5660d465-6020-48f3-75dd-867949feb8b5', 847798641),
('36ac2df8-2b1e-368f-cc1d-086412a8ea97', '2019-02-27 07:00:00', '6f91bf5c-6c92-7d89-711d-bb3758d4bac0', '46f514e3-3598-177c-6192-08c864661f9c', 380867681),
('3738ce93-1661-5628-2cc2-579daad24557', '2019-02-28 07:00:00', '6210da0c-49de-4f8f-f452-311a04b496f9', '7623d42f-35f4-1ce5-987d-e8c757976496', 303923358),
('38dc720e-654a-29d5-34c2-579daad24557', '2019-04-10 07:00:00', '6fc189b6-5466-39fd-7d9c-90632a97d71b', '5fbbda7e-7566-416f-9b7d-e8c757976496', 98993289),
('3a425a4d-6066-116b-6bf6-423b4e874d0f', '2019-05-12 07:00:00', '65299f89-37c7-64c4-829c-90632a97d71b', '5fbbda7e-7566-416f-9b7d-e8c757976496', 817428146),
('3abffc51-2a43-18c6-6cf6-423b4e874d0f', '2020-01-15 07:00:00', '4d7ce77c-5dcd-47c6-16ca-194e61bec35f', '5b2fcdf5-2050-7cb2-8f90-67245e8b283e', 295929721),
('3d18d4c2-2f39-3dce-d61d-086412a8ea97', '2019-05-08 07:00:00', '1cc8294c-1f70-68fa-731d-bb3758d4bac0', '6c97b353-5d7d-4095-1dcb-66948daf6128', 786187446),
('3e51a46c-4153-229c-7f41-c1ec321fe728', '2020-08-20 07:00:00', '3891e103-2403-7508-6a51-12b245ff3d02', '25efaa0a-2220-4655-20cb-66948daf6128', 129299825),
('3e7dd0ec-7ee5-392a-1277-d9ebc53aac3d', '2019-01-17 07:00:00', '25832852-6fb4-18de-0fca-194e61bec35f', '7abe18db-2b8a-5fcb-aedb-e5d54223c257', 425552382),
('3fc4ed08-1219-1c6d-5480-7ed9d1ea06ea', '2020-06-04 07:00:00', '13009936-3cb7-1bd0-f47e-9b9c7c262a46', '72ce912f-6015-2e14-fb17-7000f455f3d5', 964696453),
('3fed64ec-2f94-798f-0335-60b3ebf808a9', '2020-03-05 07:00:00', '26ce992b-7054-77e9-36d8-35a048ff0079', '5608f456-3b97-2e05-5d92-08c864661f9c', 406612511),
('407db4d1-222b-287d-0135-60b3ebf808a9', '2020-02-20 07:00:00', '720a99ef-3b6b-1ee5-da07-b3681f1cfddf', '68478414-705a-2626-5c92-08c864661f9c', 673445259),
('409dcd1a-426a-23f7-3a35-0028ed526dd0', '2020-05-25 07:00:00', '42a518ba-6c9d-6654-ee52-311a04b496f9', '4e272fc4-7875-78d6-7d32-6a1673ffca7c', 73067932),
('42b9446a-790b-3892-2ac2-579daad24557', '2020-01-18 07:00:00', '65299f89-37c7-64c4-829c-90632a97d71b', '7686595d-16d5-33b3-0080-e8e2a817c80e', 358231423),
('42db9027-5e76-257b-33c2-579daad24557', '2019-04-26 07:00:00', '31e6cd03-32ac-2d98-6b51-12b245ff3d02', '4188bc78-6e7e-2c0a-7fdd-867949feb8b5', 388845540),
('45bd4aa1-3832-3db8-d21d-086412a8ea97', '2019-02-08 07:00:00', '2650734e-21b4-4518-6551-12b245ff3d02', '5ae2d70b-201d-3e23-7f32-6a1673ffca7c', 833471940),
('481183cb-5a6c-795b-68f6-423b4e874d0f', '2020-01-28 07:00:00', '4f90b030-4eb9-532c-5123-b4512d979a92', '5fbbda7e-7566-416f-9b7d-e8c757976496', 777509435),
('4989ff24-23e7-7b82-b6d2-89b22d10517e', '2019-05-29 07:00:00', '6c233fc4-3a53-170d-35d8-35a048ff0079', '4448a185-202a-56da-8632-6a1673ffca7c', 666113045),
('4bf9ecda-2d8e-1724-1d80-de64d090a2c2', '2019-05-02 07:00:00', '1ae2a68d-28e7-464e-f87e-9b9c7c262a46', '72ce912f-6015-2e14-fb17-7000f455f3d5', 562291895),
('4c9ebdde-5f9a-58dd-4235-0028ed526dd0', '2020-05-21 07:00:00', '6210da0c-49de-4f8f-f452-311a04b496f9', '4296b118-76aa-3241-7edd-867949feb8b5', 59484688),
('4cc606bb-3068-7d32-3f35-0028ed526dd0', '2020-12-25 07:00:00', '16c79afa-67f0-4c36-fe7e-9b9c7c262a46', '67b5c284-1c59-4a0a-0580-e8e2a817c80e', 902756266),
('4db9a514-6d87-2ec1-3b35-0028ed526dd0', '2019-05-09 07:00:00', '36c85a84-262d-7c74-701d-bb3758d4bac0', '4eceddac-7dc2-38ea-7bdd-867949feb8b5', 231607406),
('4f65f6c1-4525-16e5-4135-0028ed526dd0', '2019-01-11 07:00:00', '26ce992b-7054-77e9-36d8-35a048ff0079', '6429b0f4-1391-7f32-9390-67245e8b283e', 695241089),
('506acf1e-5331-67a9-0d77-d9ebc53aac3d', '2019-07-16 07:00:00', '3ad272c3-475a-5c9b-59d2-3c86733c21a7', '284ccb05-337b-7e6f-9090-67245e8b283e', 880012427),
('50c07587-55d5-5b36-1b77-d9ebc53aac3d', '2020-02-08 07:00:00', '735d3ea2-7191-4e06-32d8-35a048ff0079', '3f66f2d6-688b-4161-5f92-08c864661f9c', 537533447),
('524751f2-1577-523d-ce1d-086412a8ea97', '2019-08-07 07:00:00', '1381ce35-168f-779a-f67e-9b9c7c262a46', '7623d42f-35f4-1ce5-987d-e8c757976496', 879799539),
('5254e49d-4368-3162-29c2-579daad24557', '2019-08-22 07:00:00', '335247c0-5fe2-71e9-f57e-9b9c7c262a46', '1ded3dd7-32db-5bc9-9190-67245e8b283e', 409618298),
('527e293c-2185-6d0a-5580-7ed9d1ea06ea', '2019-05-23 07:00:00', '1484cce4-7bcc-2399-721d-bb3758d4bac0', '4760d71f-6e2f-5b32-19cb-66948daf6128', 746502340),
('53f68d51-267f-2d1e-8241-c1ec321fe728', '2020-01-11 07:00:00', '4f90b030-4eb9-532c-5123-b4512d979a92', '1152da18-24d8-65b6-0380-e8e2a817c80e', 204475648),
('5697b103-5179-7ac3-d31d-086412a8ea97', '2021-02-28 07:00:00', '31e6cd03-32ac-2d98-6b51-12b245ff3d02', '7f4552ee-20f2-2f82-9890-67245e8b283e', 554164956),
('56aaf263-3355-23ea-b8d2-89b22d10517e', '2020-11-04 07:00:00', '227d8b20-39d9-6c4e-1bca-194e61bec35f', '3590dd80-43d2-1325-8732-6a1673ffca7c', 180428234),
('56dce332-76f0-6b9b-5080-7ed9d1ea06ea', '2019-06-30 07:00:00', '3704da33-560c-1d62-33d8-35a048ff0079', '469b3ece-744a-45d5-957d-e8c757976496', 890557243),
('57cdf8c4-47e3-5560-7e41-c1ec321fe728', '2019-02-21 07:00:00', '2fa3159e-27b0-1bea-5bd2-3c86733c21a7', '5ae2d70b-201d-3e23-7f32-6a1673ffca7c', 567743262),
('595e7d51-318c-39e8-1377-d9ebc53aac3d', '2021-03-15 07:00:00', '735d3ea2-7191-4e06-32d8-35a048ff0079', '645f2e5c-7670-66a0-6092-08c864661f9c', 596510463),
('5a841b92-791c-78df-5180-7ed9d1ea06ea', '2020-08-28 07:00:00', '39f9f65e-6802-121a-19ca-194e61bec35f', '7e8f50b2-5100-74d8-0480-e8e2a817c80e', 610987589),
('5c7f0ec4-77f2-3794-cf1d-086412a8ea97', '2019-02-13 07:00:00', '46bef884-23ea-6d46-1aca-194e61bec35f', '5b2fcdf5-2050-7cb2-8f90-67245e8b283e', 485414956),
('5c85f9f2-1de1-4f0a-3e35-0028ed526dd0', '2021-03-15 07:00:00', '1f2c8beb-2617-57fa-fc7e-9b9c7c262a46', '6764ab86-6fcc-2757-8032-6a1673ffca7c', 967957437),
('5de704c2-573f-1a71-1a80-de64d090a2c2', '2019-06-20 07:00:00', '4c6f20c9-5fc4-6c72-849c-90632a97d71b', '7bec5682-21c4-666f-a8db-e5d54223c257', 695028291),
('5eaa6527-768d-3ae7-1977-d9ebc53aac3d', '2019-01-04 07:00:00', '23477c28-264f-242a-4b23-b4512d979a92', '5b2fcdf5-2050-7cb2-8f90-67245e8b283e', 703083245),
('5f03d745-7702-1c85-2bc2-579daad24557', '2020-03-24 07:00:00', '6a5e9417-74a0-4f25-5ad2-3c86733c21a7', '40036f5e-657f-2c3d-9f7d-e8c757976496', 463802818),
('5fab4ff7-1b8e-64d0-1880-de64d090a2c2', '2019-09-09 07:00:00', '4f6dba62-1d39-48a1-839c-90632a97d71b', '67b5c284-1c59-4a0a-0580-e8e2a817c80e', 518010228),
('62563348-7bd5-6519-3c35-0028ed526dd0', '2019-07-08 07:00:00', '4f6dba62-1d39-48a1-839c-90632a97d71b', '142cb08f-7c31-21fa-8e90-67245e8b283e', 462294380),
('62af2231-78a7-7caa-cd1d-086412a8ea97', '2021-02-02 07:00:00', '247a53e7-47a6-51e4-6951-12b245ff3d02', '7e8f50b2-5100-74d8-0480-e8e2a817c80e', 568508141),
('6485b64f-7835-65a4-8041-c1ec321fe728', '2019-01-25 07:00:00', '43515c7b-48d9-5dad-751d-bb3758d4bac0', '2ff059da-69a9-17a4-fc17-7000f455f3d5', 286562209),
('65ecf5c2-5298-156e-d51d-086412a8ea97', '2019-03-07 07:00:00', '39f9f65e-6802-121a-19ca-194e61bec35f', '2bf413d3-7a2c-217a-78dd-867949feb8b5', 518163378),
('66ef0b11-1892-1443-1877-d9ebc53aac3d', '2020-01-01 07:00:00', '3704da33-560c-1d62-33d8-35a048ff0079', '13fc3540-52b5-3489-1163-eeb1d8ed8cef', 327101808),
('677132b4-2a33-68d1-26c2-579daad24557', '2019-10-26 07:00:00', '33fb6c18-3fce-1d84-7e9c-90632a97d71b', '1ded3dd7-32db-5bc9-9190-67245e8b283e', 423432093),
('6a763a51-4322-5c5a-b5d2-89b22d10517e', '2019-11-10 07:00:00', '65299f89-37c7-64c4-829c-90632a97d71b', '3abc4ce5-462f-5db9-9e7d-e8c757976496', 171717195),
('6b550b8f-7ff9-51bc-0f77-d9ebc53aac3d', '2020-03-30 07:00:00', '451b6ae6-4e28-422f-3ad8-35a048ff0079', '2fb0b105-7808-503a-76dd-867949feb8b5', 392596806),
('6b76d607-7d60-38a2-5680-7ed9d1ea06ea', '2020-09-28 07:00:00', '735d3ea2-7191-4e06-32d8-35a048ff0079', '3599ef50-13ed-5404-0e63-eeb1d8ed8cef', 260350166),
('6c5b9fe7-14c9-3bb5-b4d2-89b22d10517e', '2019-09-05 07:00:00', '43515c7b-48d9-5dad-751d-bb3758d4bac0', '60084fec-3509-2779-8432-6a1673ffca7c', 262117672),
('6c80a684-1cb5-41af-ff34-60b3ebf808a9', '2020-01-09 07:00:00', '1df115e4-45e6-7397-5dd2-3c86733c21a7', '205a3e0a-13fe-3557-8232-6a1673ffca7c', 908312953),
('6d489b13-7396-7986-1577-d9ebc53aac3d', '2019-01-09 07:00:00', '6efa111e-1f9a-3c44-dc07-b3681f1cfddf', '1b336f56-7ee3-7ceb-1ccb-66948daf6128', 548717944),
('6dcdb6b6-273a-6aaa-8541-c1ec321fe728', '2019-02-04 07:00:00', '6a5e9417-74a0-4f25-5ad2-3c86733c21a7', '7f4552ee-20f2-2f82-9890-67245e8b283e', 200189049),
('6f1014db-2ff0-613b-bdd2-89b22d10517e', '2020-11-19 07:00:00', '6fc189b6-5466-39fd-7d9c-90632a97d71b', '1ded3dd7-32db-5bc9-9190-67245e8b283e', 710107430),
('6f51ea57-13b2-139f-1177-d9ebc53aac3d', '2019-02-03 07:00:00', '37d644e2-16ef-5af2-58d2-3c86733c21a7', '11452b0c-768e-5ff7-0d63-eeb1d8ed8cef', 348013486),
('707e1336-6584-55de-8341-c1ec321fe728', '2019-06-21 07:00:00', '59ba1b9e-317d-790a-f252-311a04b496f9', '404fe340-1fd3-414b-aadb-e5d54223c257', 489087302),
('721b7460-7378-2203-0435-60b3ebf808a9', '2020-01-27 07:00:00', '715ee91c-59c3-5e9a-4f23-b4512d979a92', '438fec4c-2dad-30d7-a07d-e8c757976496', 163104279),
('73dc79e1-1ccb-35a6-0235-60b3ebf808a9', '2019-04-25 07:00:00', '16c79afa-67f0-4c36-fe7e-9b9c7c262a46', '34cde64f-62e4-186c-77dd-867949feb8b5', 932833987),
('78b1d514-338c-3cdc-8641-c1ec321fe728', '2019-05-02 07:00:00', '33fb6c18-3fce-1d84-7e9c-90632a97d71b', '7623d42f-35f4-1ce5-987d-e8c757976496', 789270914),
('7a301ea4-331e-73f6-1a77-d9ebc53aac3d', '2019-11-20 07:00:00', '33e31fd6-76a2-443e-39d8-35a048ff0079', '79fa8253-391f-4864-b2db-e5d54223c257', 961615580),
('7ad34860-1ac8-7ad7-d01d-086412a8ea97', '2020-10-06 07:00:00', '39f6c413-1ea8-3cca-38d8-35a048ff0079', '257ea484-501b-1644-7cdd-867949feb8b5', 537409634),
('7b666cc3-1b67-6037-67f6-423b4e874d0f', '2019-01-02 07:00:00', '3042dc9a-3fac-6024-fa7e-9b9c7c262a46', '6c97b353-5d7d-4095-1dcb-66948daf6128', 274255643),
('7bd9cf39-3f55-3a7b-0035-60b3ebf808a9', '2020-10-30 07:00:00', '3935b678-50a9-3b25-57d2-3c86733c21a7', '47405a55-5845-562c-7ddd-867949feb8b5', 43365319),
('7c1ae6ac-6c72-7436-2dc2-579daad24557', '2019-12-26 07:00:00', '43515c7b-48d9-5dad-751d-bb3758d4bac0', '38b1d642-47b7-7c97-6692-08c864661f9c', 462535875),
('7f1b6c7c-2b74-3ebb-31c2-579daad24557', '2020-11-07 07:00:00', '462d8093-6e2e-58ec-4e23-b4512d979a92', '7686595d-16d5-33b3-0080-e8e2a817c80e', 500086515);

-- 
-- Restore previous SQL mode
-- 
/*!40101 SET SQL_MODE=@OLD_SQL_MODE */;